"","mpid","HMAX","LMAX","IPRmax","HMIN","LMIN","IPRmin","HMEAN","LMEAN","IPRmean","SumMAX","SumMEAN"
"1","mp-1019508",0.97942534,0.650391303,0.97942534,0,0,0,0.4972480755,0.18383345275,0.4972480755,1.017959939,0.68108152825
"2","mp-1025185",0.950391536,0.95201936,0.95201936,0,0,0,0.61838074425,0.375794531,0.61838074425,1.667390706,0.99417527525
"3","mp-10378",0.171555611,0.879197476,0.879197476,-0.043204061,0,-0.043204061,0.0715865573333333,0.314188000666667,0.314188000666667,1.050753087,0.385774558
"4","mp-10748",0.804896784,0.910528378,0.910528378,0,0,0,0.534755516,0.391373538,0.534755516,1.45971552,0.926129054
"5","mp-1078250",0.735984877,0.831240789,0.831240789,-0.49553298,0,-0.49553298,0.3646169466,0.2935176194,0.3646169466,1.154705545,0.658134566
"6","mp-1080232",0.962024011,0.951475629,0.962024011,0,0,0,0.6236212755,0.419734606,0.6236212755,1.563240333,1.0433558815
"7","mp-10953",0.961721824,0.047958541,0.961721824,0,0,0,0.30992000625,0.025368155,0.30992000625,1.000365721,0.33528816125
"8","mp-1096997",0.088812113,0.660963741,0.660963741,0,0,0,0.038072541,0.323108244666667,0.323108244666667,0.686369251,0.361180785666667
"9","mp-1103709",0.98144043,0.977036988,0.98144043,0,0,0,0.6438924352,0.491308209,0.6438924352,1.616939621,1.1352006442
"10","mp-1104268",0.991080412,0.955578198,0.991080412,0,0,0,0.47028621875,0.4568172145,0.47028621875,1.586849734,0.92710343325
"11","mp-1106183",0.985654503,0.983522388,0.985654503,0,0,0,0.61600300875,0.30653053125,0.61600300875,1.477254362,0.92253354
"12","mp-1111110",0.972690153,0.737395832,0.972690153,0,0,0,0.6572649692,0.381504441,0.6572649692,1.437357578,1.0387694102
"13","mp-1120768",0.028693194,0.071096206,0.071096206,0,0,0,0.01648615475,0.03883719725,0.03883719725,0.0997894,0.055323352
"14","mp-11695",0.728459956,0.29453921,0.728459956,-0.221121405,0,-0.221121405,0.398784071,0.10655116025,0.398784071,0.85159779,0.50533523125
"15","mp-1188344",0.977374683,0.954358679,0.977374683,0,0,0,0.71379733425,0.28738761975,0.71379733425,1.859893476,1.001184954
"16","mp-1190",0.695747797,0.09787379,0.695747797,0,0,0,0.298126257,0.0423871573333333,0.298126257,0.793621587,0.340513414333333
"17","mp-1206444",0.897717426,0.94036004,0.94036004,0,0,0,0.5957832465,0.45186811325,0.5957832465,1.692242171,1.04765135975
"18","mp-1209286",0.988299768,0.98694313,0.988299768,0,-0.002155798,-0.002155798,0.55270931,0.25495004575,0.55270931,1.247385463,0.80765935575
"19","mp-1209499",0.991922232,0.153177661,0.991922232,0,-0.006673578,-0.006673578,0.55546938275,0.0736319605,0.55546938275,1.126598835,0.62910134325
"20","mp-1213706",0.945453792,0.969976817,0.969976817,0,-0.128042122,-0.128042122,0.4924828425,0.297840527,0.4924828425,1.257298702,0.7903233695
"21","mp-1214228",0.990298765,0.946987855,0.990298765,0,0,0,0.662881699,0.5230122852,0.662881699,1.63980198,1.1858939842
"22","mp-1214420",0.979977884,0.978771438,0.979977884,0,-0.056436258,-0.056436258,0.5616687975,0.30187995875,0.5616687975,1.277674498,0.86354875625
"23","mp-1222404",0.110325596,0.734723948,0.734723948,0,-0.003708857,-0.003708857,0.060626727125,0.21532847425,0.21532847425,0.788900381,0.275955201375
"25","mp-1226455",0.967240113,0.976337858,0.976337858,0,0,0,0.74390519,0.279901102,0.74390519,1.863901079,1.023806292
"26","mp-1265",0.71861676,0.777413499,0.777413499,0,0,0,0.257617634666667,0.267713597666667,0.267713597666667,0.831649643,0.525331232333333
"27","mp-12927",0.939848869,0.951581494,0.951581494,0,0,0,0.25637969825,0.248858023,0.25637969825,0.983700587,0.50523772125
"28","mp-13820",0.979486628,0.974120092,0.979486628,-0.126762845,0,-0.126762845,0.4899304645,0.27763591475,0.4899304645,1.827592477,0.76756637925
"29","mp-14168",0.992630655,0.987955204,0.992630655,0,0,0,0.6683256505,0.4847549705,0.6683256505,1.702057331,1.153080621
"30","mp-14232",0.851127919,0.964800955,0.964800955,0,0,0,0.42787850225,0.270998788,0.42787850225,1.012739517,0.69887729025
"31","mp-14951",0.983701586,0.983732889,0.983732889,0,0,0,0.57250378725,0.2593686605,0.57250378725,1.316351011,0.83187244775
"32","mp-15312",0.937429916,0.987642655,0.987642655,0,0,0,0.6426325074,0.3624227122,0.6426325074,1.787755573,1.0050552196
"33","mp-1542042",0.968103261,0.939698324,0.968103261,0,0,0,0.68225730975,0.24870080425,0.68225730975,1.796388106,0.930958114
"34","mp-1550",0.841539965,0.546750394,0.841539965,0,0,0,0.325821013333333,0.196441995,0.325821013333333,0.884115556,0.522263008333333
"35","mp-1572",0.366253954,0.350196734,0.366253954,0,0,0,0.143208361,0.190564000333333,0.190564000333333,0.587749221,0.333772361333333
"37","mp-17926",0.618585788,0.800542961,0.800542961,-0.047115946,-0.082026477,-0.082026477,0.1850209665,0.244868266,0.244868266,1.419128749,0.4298892325
"41","mp-1848",0.771202544,0.575967701,0.771202544,0,0,0,0.258281161,0.28435258,0.28435258,1.347170245,0.542633741
"43","mp-18609",0.98423272,0.49178883,0.98423272,0,0,0,0.655703076333333,0.170061743,0.655703076333333,1.47602155,0.825764819333333
"44","mp-189",0.092912661,0.179489375,0.179489375,0,0,0,0.0462485883333333,0.0875574503333333,0.0875574503333333,0.272402036,0.133806038666667
"45","mp-19",0,0.699790111,0.699790111,-0.036548777,0,-0.036548777,0.0182743885,0.3498950555,0.3498950555,0.736338888,0.368169444
"46","mp-1933",0.432877425,0.755469505,0.755469505,-0.160053463,0,-0.160053463,0.197643629333333,0.267818371333333,0.267818371333333,0.915522968,0.465462000666667
"47","mp-1999",0.934068281,0.933043207,0.934068281,0,0,0,0.486008353,0.408192090666667,0.486008353,1.456999985,0.894200443666667
"48","mp-20187",0.966364675,0.308180279,0.966364675,0,0,0,0.492798287,0.09021382575,0.492798287,1.009368591,0.58301211275
"49","mp-20331",0.72285429,0.773640775,0.773640775,-0.047218036,0,-0.047218036,0.34994474925,0.4800991095,0.4800991095,1.453353843,0.83004385875
"50","mp-20351",0.691462854,0.637295932,0.691462854,0,0,0,0.265157324,0.259996775333333,0.265157324,0.834157248,0.525154099333333
"51","mp-20496",0.9673134,0.941830338,0.9673134,0,0,0,0.581033232,0.45169658525,0.581033232,1.41594094,1.03272981725
"52","mp-20694",0.387963246,0.980438881,0.980438881,0,0,0,0.1521858025,0.32222223175,0.32222223175,1.060674708,0.47440803425
"53","mp-21276",0.36841265,0.531581454,0.531581454,0,0,0,0.159500871666667,0.218312885,0.218312885,0.641671419,0.377813756666667
"54","mp-2160",0.818830538,0.932215639,0.932215639,0,0,0,0.4575724765,0.517514746,0.517514746,1.486103898,0.9750872225
"55","mp-2201",0.464066796,0.384972313,0.464066796,0,0,0,0.166686247666667,0.175105385333333,0.175105385333333,0.604410639,0.341791633
"56","mp-2231",0.569599174,0.653957196,0.653957196,0,0,0,0.288775558333333,0.264436637666667,0.288775558333333,0.950684697,0.553212196
"58","mp-22734",0.757699622,0.790065946,0.790065946,-0.037633049,-0.028509148,-0.037633049,0.23370601525,0.217697677,0.23370601525,1.547765568,0.45140369225
"59","mp-22811",0.647153852,0.595006832,0.647153852,0,-0.274487508,-0.274487508,0.238464281,0.2576559025,0.2576559025,1.242160684,0.4961201835
"60","mp-22849",0.954721535,0.921845526,0.954721535,0,0,0,0.446811913666667,0.311086517666667,0.446811913666667,1.307559732,0.757898431333333
"61","mp-22856",0.897649399,0.838258899,0.897649399,0,0,0,0.414217523666667,0.403122543666667,0.414217523666667,1.268758131,0.817340067333333
"62","mp-22862",0.785090079,0.630829588,0.785090079,0,0,0,0.310356991333333,0.220512452,0.310356991333333,0.815797847,0.530869443333333
"63","mp-22987",0.535356708,0.695658831,0.695658831,-0.040954658,0,-0.040954658,0.172025844,0.403315846,0.403315846,0.796589883,0.57534169
"64","mp-22988",0.701188654,0.828763628,0.828763628,0,0,0,0.3842232245,0.3263398965,0.3842232245,1.060755316,0.710563121
"65","mp-22996",0.981351256,0.946971679,0.981351256,0,0,0,0.50667574425,0.504615584,0.50667574425,1.573274768,1.01129132825
"66","mp-23020",0.979002896,0.923492902,0.979002896,0,0,0,0.419590218,0.48197364825,0.48197364825,1.333326053,0.90156386625
"67","mp-23029",0.982334984,0.991174569,0.991174569,0,0,0,0.6113724315,0.5877666755,0.6113724315,1.702892929,1.199139107
"68","mp-23037",0.765657513,0.864571668,0.864571668,0,0,0,0.283925224,0.344628072,0.344628072,1.07642718,0.628553296
"69","mp-23041",0.980799801,0.957225625,0.980799801,0,0,0,0.4883490775,0.53840012,0.53840012,1.593818779,1.0267491975
"70","mp-23202",0.096042136,0.235057068,0.235057068,0,0,0,0.033746451,0.0849466966666667,0.0849466966666667,0.240254285,0.118693147666667
"71","mp-23281",0.955101823,0.919806676,0.955101823,0,-0.009215284,-0.009215284,0.522473822666667,0.309673986666667,0.522473822666667,1.532126321,0.832147809333333
"72","mp-23324",0.983934468,0.881039267,0.983934468,0,0,0,0.5160166375,0.46338078875,0.5160166375,1.382883759,0.97939742625
"73","mp-23514",0.980836584,0.947505036,0.980836584,0,0,0,0.437753834,0.53089733125,0.53089733125,1.403843854,0.96865116525
"74","mp-23535",0.987829578,0.698570329,0.987829578,0,0,0,0.618166591,0.22243060725,0.618166591,1.233675857,0.84059719825
"75","mp-23860",0.841444203,0.935085536,0.935085536,0,0,0,0.34171988625,0.476197866,0.476197866,1.38704962,0.81791775225
"76","mp-2455",0.577698285,0.583866356,0.583866356,0,-0.167091433,-0.167091433,0.222429581333333,0.250319263,0.250319263,1.161564641,0.472748844333333
"77","mp-2534",0.491731202,0.519125743,0.519125743,0,0,0,0.191610397333333,0.254092208333333,0.254092208333333,0.734882084,0.445702605666667
"78","mp-2657",0.06511675,0.792013375,0.792013375,0,0,0,0.027690671,0.445773357333333,0.445773357333333,0.857130125,0.473464028333333
"79","mp-2691",0.794236279,0.17848042,0.794236279,0,0,0,0.2425311035,0.0598148766666667,0.2425311035,0.922914329,0.302345980166667
"80","mp-27175",0.971532088,0.185317356,0.971532088,0,0,0,0.32098450025,0.073701925,0.32098450025,1.156849444,0.39468642525
"81","mp-27194",0.35568507,0.807966345,0.807966345,0,0,0,0.126374422666667,0.310990004,0.310990004,0.831404543,0.437364426666667
"82","mp-27214",0.814319229,0.867972511,0.867972511,0,0,0,0.27849962175,0.352349784,0.352349784,1.10936269,0.63084940575
"83","mp-27688",0.975955957,0.972991508,0.975955957,0,0,0,0.549523587,0.43203193725,0.549523587,1.523841142,0.98155552425
"84","mp-27703",0.801920258,0.780275167,0.801920258,0,0,0,0.45226258875,0.5694589375,0.5694589375,1.552883753,1.02172152625
"85","mp-27828",0.966041129,0.974511886,0.974511886,0,0,0,0.5868812575,0.5794709715,0.5868812575,1.647892944,1.166352229
"86","mp-27871",0.904909415,0.925828238,0.925828238,0,0,0,0.478837370333333,0.433919244666667,0.478837370333333,1.457430934,0.912756615
"87","mp-28029",0.5782263,0.925650025,0.925650025,-0.4084064,0,-0.4084064,0.328877566666667,0.494991751,0.494991751,1.503876325,0.823869317666667
"88","mp-2809",0.906583526,0.894235718,0.906583526,0,0,0,0.475237984333333,0.548443578333333,0.548443578333333,1.657678543,1.02368156266667
"89","mp-28266",0,0.47112167,0.47112167,-0.28399041,-0.014943652,-0.28399041,0.139366773666667,0.162021774,0.162021774,0.605231581,0.301388547666667
"90","mp-28377",0.878418178,0.835929818,0.878418178,0,0,0,0.46577097775,0.299128899,0.46577097775,1.142169115,0.76489987675
"91","mp-28534",0.819544228,0.939850626,0.939850626,0,0,0,0.44973073725,0.320333773,0.44973073725,1.224404945,0.77006451025
"92","mp-28558",0.226855398,0.960742304,0.960742304,0,0,0,0.09051955525,0.2703960905,0.2703960905,1.017829333,0.36091564575
"93","mp-28796",0.967978842,0.941621359,0.967978842,0,0,0,0.502143846,0.253133574,0.502143846,1.067962219,0.75527742
"94","mp-2898",0.96481874,0.7560413,0.96481874,0,0,0,0.5437522165,0.2815046385,0.5437522165,1.166356236,0.825256855
"95","mp-29236",0.9828015,0.944307047,0.9828015,0,0,0,0.31334472775,0.490777131,0.490777131,1.132212494,0.80412185875
"96","mp-29398",0.958312825,0.94498215,0.958312825,0,0,0,0.52205325675,0.4372857845,0.52205325675,1.376368008,0.95933904125
"97","mp-29678",0.447275875,0.646912329,0.646912329,-0.015459257,0,-0.015459257,0.12242440275,0.17462368925,0.17462368925,0.673874808,0.297048092
"98","mp-29792",0.966557021,0.573710982,0.966557021,0,0,0,0.47171504925,0.326966293,0.47171504925,1.540268003,0.79868134225
"99","mp-29946",0.522019369,0.975495128,0.975495128,0,0,0,0.3359128425,0.6561152945,0.6561152945,1.483831322,0.992028137
"101","mp-30126",0.964155666,0.977348897,0.977348897,0,0,0,0.51555196525,0.37846670525,0.51555196525,1.336720473,0.8940186705
"102","mp-30532",0.98129036,0.23395666,0.98129036,0,0,0,0.5654203355,0.105328579,0.5654203355,1.112009037,0.6707489145
"103","mp-3079",0.957716583,0.793779892,0.957716583,0,0,0,0.59634331275,0.40135730075,0.59634331275,1.360736641,0.9977006135
"104","mp-30949",0.186915532,0.845248546,0.845248546,0,0,0,0.0985080385,0.33291766975,0.33291766975,1.032164078,0.43142570825
"105","mp-3163",0.664506972,0.529278009,0.664506972,-0.121659538,0,-0.121659538,0.30063427925,0.23528686425,0.30063427925,1.002960237,0.5359211435
"106","mp-32684",0.975339907,0.987873835,0.987873835,0,0,0,0.510166157,0.458504117666667,0.510166157,1.543032399,0.968670274666667
"107","mp-33508",0.991949106,0.651760813,0.991949106,0,0,0,0.6563741375,0.43319515575,0.6563741375,1.553182501,1.08956929325
"108","mp-3486",0.756565802,0.230225394,0.756565802,-0.009962305,0,-0.009962305,0.37955367325,0.13245503225,0.37955367325,0.98191198,0.5120087055
"109","mp-3524",0.896722221,0.97031617,0.97031617,0,0,0,0.5938187905,0.27223681325,0.5938187905,1.613222425,0.86605560375
"110","mp-358",0.211314511,0.03507138,0.211314511,0,0,0,0.128714588666667,0.01563771,0.128714588666667,0.223156261,0.144352298666667
"111","mp-36641",0.978708437,0.563843812,0.978708437,0,0,0,0.5985091495,0.18315088725,0.5985091495,1.098231997,0.78166003675
"112","mp-3700",0.959820972,0.985935338,0.985935338,0,0,0,0.5890861765,0.2790058545,0.5890861765,1.460525412,0.868092031
"113","mp-3762",0.906108138,0.611137701,0.906108138,0,0,0,0.61278237625,0.26967997975,0.61278237625,1.392902208,0.882462356
"114","mp-3977",0.986160858,0.994788133,0.994788133,0,0,0,0.70645616425,0.36546552925,0.70645616425,1.852572861,1.0719216935
"115","mp-4043",0.917785672,0.901196437,0.917785672,0,0,0,0.62777696575,0.34311919825,0.62777696575,1.605405676,0.970896164
"116","mp-406",0.653161628,0.060630283,0.653161628,0,0,0,0.232597874333333,0.0272524516666667,0.232597874333333,0.713791911,0.259850326
"117","mp-4157",0.988950622,0.880792719,0.988950622,0,0,0,0.651706102,0.49156293575,0.651706102,1.849715771,1.14326903775
"119","mp-4840",0.496662007,0.965442196,0.965442196,0,-0.291169776,-0.291169776,0.2575773965,0.53033106425,0.53033106425,1.462104203,0.78790846075
"120","mp-4876",0.906733761,0.982617078,0.982617078,0,-0.00057119,-0.00057119,0.41467288225,0.2597889335,0.41467288225,1.176895365,0.67446181575
"121","mp-505222",0.807229967,0.878757481,0.878757481,0,0,0,0.476904026,0.42697699675,0.476904026,1.374057988,0.90388102275
"122","mp-5061",0.9223542,0.912659762,0.9223542,0,-0.000601994,-0.000601994,0.42675279825,0.33196379625,0.42675279825,1.336947629,0.7587165945
"123","mp-5238",0.838767303,0.931215592,0.931215592,-0.083725194,0,-0.083725194,0.25623607175,0.276882735,0.276882735,1.014940786,0.53311880675
"124","mp-541378",0.957788566,0.848421234,0.957788566,0,0,0,0.53762856975,0.2480410415,0.53762856975,1.304685952,0.78566961125
"125","mp-541837",0.930915286,0.707653168,0.930915286,0,0,0,0.364415113,0.408877105333333,0.408877105333333,1.449893434,0.773292218333333
"126","mp-545850",0.964262602,0.248816552,0.964262602,0,0,0,0.264459127,0.11263026475,0.264459127,1.069319898,0.37708939175
"127","mp-5513",0.870689851,0.875820846,0.875820846,0,0,0,0.49063065475,0.47845249525,0.49063065475,1.582155494,0.96908315
"128","mp-552098",0.25116862,0.101656568,0.25116862,-0.021966744,0,-0.021966744,0.068676885,0.04293761375,0.068676885,0.293724889,0.11161449875
"129","mp-552729",0.838590591,0.870275942,0.870275942,0,0,0,0.3116370725,0.33383070025,0.33383070025,1.26730743,0.64546777275
"130","mp-554722",0.973217145,0.908239146,0.973217145,0,0,0,0.59568833875,0.26439956125,0.59568833875,1.391360418,0.8600879
"131","mp-556550",0.935179337,0.843806991,0.935179337,0,0,0,0.6241696455,0.2832752235,0.6241696455,1.481105988,0.907444869
"132","mp-558984",0.995666013,0.974959856,0.995666013,0,0,0,0.639514982,0.602365004,0.639514982,1.642563491,1.241879986
"133","mp-567655",0.922281554,0.942496489,0.942496489,0,0,0,0.5481426516,0.5028445874,0.5481426516,1.683806268,1.050987239
"134","mp-567681",0.961899517,0.940557915,0.961899517,0,0,0,0.6355214325,0.6147076215,0.6355214325,1.764195284,1.250229054
"135","mp-569600",0.174155275,0.360260274,0.360260274,-0.263025622,0,-0.263025622,0.145726965666667,0.229604658333333,0.229604658333333,0.623285896,0.375331624
"136","mp-569707",0.979726513,0.870352643,0.979726513,0,0,0,0.46881945425,0.4668355405,0.46881945425,1.300693887,0.93565499475
"137","mp-570081",0.874749653,0.500477097,0.874749653,0,0,0,0.435524274666667,0.215086830333333,0.435524274666667,1.019533047,0.650611105
"138","mp-570886",0.926719922,0.972773692,0.972773692,0,0,0,0.492427634333333,0.383894073333333,0.492427634333333,1.523336673,0.876321707666667
"139","mp-571102",0.111615112,0.547960031,0.547960031,-0.006539955,0,-0.006539955,0.0393850223333333,0.184805556666667,0.184805556666667,0.554499986,0.224190579
"140","mp-571195",0.870505941,0.291231622,0.870505941,0,0,0,0.483439408333333,0.153402139333333,0.483439408333333,1.039480737,0.636841547666667
"141","mp-571260",0.973552058,0.962186981,0.973552058,0,0,0,0.504162037,0.56259008425,0.56259008425,1.566458435,1.06675212125
"142","mp-573514",0.883783693,0.515485957,0.883783693,0,0,0,0.539958285666667,0.262818427666667,0.539958285666667,1.251577121,0.802776713333333
"143","mp-573697",0.898624767,0.833967746,0.898624767,0,0,0,0.476461139,0.282104772,0.476461139,1.364726396,0.758565911
"144","mp-5853",0.976038185,0.773337413,0.976038185,0,0,0,0.517687878,0.225846311,0.517687878,1.07757547,0.743534189
"145","mp-5966",0.92306168,0.990492646,0.990492646,0,0,0,0.659049626,0.5093799465,0.659049626,1.913554326,1.1684295725
"146","mp-6031",0.963236418,0.823183635,0.963236418,0,0,0,0.6750015348,0.5398679032,0.6750015348,1.786420053,1.214869438
"147","mp-608555",0.95707323,0.97056231,0.97056231,0,0,0,0.5658555555,0.348447579,0.5658555555,1.455283007,0.9143031345
"148","mp-614013",0.731282425,0.82123565,0.82123565,0,-0.104214694,-0.104214694,0.239759397,0.253177144,0.253177144,0.876841867,0.492936541
"149","mp-625404",0.980094276,0.975733157,0.980094276,0,0,0,0.66358576175,0.36321769,0.66358576175,1.685375999,1.02680345175
"150","mp-6356",0.952233342,0.106712851,0.952233342,0,0,0,0.5092188916,0.0503783318,0.5092188916,1.058946193,0.5595972234
"151","mp-644271",0.962913498,0.597947943,0.962913498,0,0,0,0.6973730365,0.24472141575,0.6973730365,1.522149408,0.94209445225
"152","mp-6456",0.989806124,0.968560852,0.989806124,0,0,0,0.6995689698,0.6463197898,0.6995689698,1.826380863,1.3458887596
"153","mp-6492",0.958243096,0.96123206,0.96123206,0,0,0,0.3909501042,0.2434240468,0.3909501042,1.306114209,0.634374151
"154","mp-6557",0.987887706,0.998178173,0.998178173,0,0,0,0.6807998382,0.6260707488,0.6807998382,1.957834611,1.306870587
"155","mp-6560",0.972363802,0.925514677,0.972363802,0,0,0,0.589819537,0.6736798866,0.6736798866,1.897527204,1.2634994236
"156","mp-669458",0.989737554,0.991375816,0.991375816,0,0,0,0.658662303,0.590619682,0.658662303,1.760110628,1.249281985
"157","mp-6695",0.975696355,0.987666328,0.987666328,0,0,0,0.7223258274,0.490087737,0.7223258274,1.952576646,1.2124135644
"158","mp-672",0.884072718,0.156287852,0.884072718,0,0,0,0.447167819,0.0958014943333333,0.447167819,1.04036057,0.542969313333333
"159","mp-675011",0.876753195,0.991446317,0.991446317,0,0,0,0.6173018235,0.318450796,0.6173018235,1.826281092,0.9357526195
"160","mp-676049",0.961768379,0.959472345,0.961768379,0,0,0,0.67400685025,0.31446499825,0.67400685025,1.733024248,0.9884718485
"161","mp-677072",0.866392696,0.836722251,0.866392696,0,0,0,0.44074315725,0.2940120915,0.44074315725,1.015236836,0.73475524875
"162","mp-691",0.455390977,0.567226739,0.567226739,0,0,0,0.208404789333333,0.234612758666667,0.234612758666667,0.73705013,0.443017548
"163","mp-696736",0.978982873,0.920615519,0.978982873,0,0,0,0.573744939,0.34346856225,0.573744939,1.275128781,0.91721350125
"164","mp-6987",0.914658945,0.941526557,0.941526557,0,0,0,0.58898971175,0.34737999175,0.58898971175,1.567226585,0.9363697035
"165","mp-700",0.634967796,0.792581879,0.792581879,0,0,0,0.343405951,0.291154917666667,0.343405951,1.187831936,0.634560868666667
"166","mp-7020",0.962052252,0.98174747,0.98174747,0,0,0,0.60746626375,0.26221773425,0.60746626375,1.536636373,0.869683998
"167","mp-7041",0.917845172,0.827138533,0.917845172,0,0,0,0.43741355,0.2877984665,0.43741355,1.039011292,0.7252120165
"169","mp-717",0.977612283,0.952641391,0.977612283,0,0,0,0.511027324,0.448739887666667,0.511027324,1.50811108,0.959767211666667
"170","mp-7223",0.266496491,0.770234667,0.770234667,0,0,0,0.0896777095,0.37600567425,0.37600567425,0.84524709,0.46568338375
"171","mp-7277",0.938314276,0.984505325,0.984505325,0,0,0,0.461249169,0.29784114875,0.461249169,1.13106049,0.75909031775
"172","mp-7387",0.97527227,0.946740539,0.97527227,0,0,0,0.536659059,0.5566487625,0.5566487625,1.617779877,1.0933078215
"173","mp-753539",0.949609985,0.969167939,0.969167939,0,0,0,0.43542612425,0.6207530545,0.6207530545,1.516587845,1.05617917875
"174","mp-754153",0.995930707,0.802041381,0.995930707,0,0,0,0.5895934028,0.2589545992,0.5895934028,1.658654962,0.848548002
"175","mp-754496",0.825270712,0.892507422,0.892507422,0,0,0,0.5672100855,0.52013596075,0.5672100855,1.599337021,1.08734604625
"176","mp-755893",0.754082281,0.936562049,0.936562049,0,0,0,0.465424902,0.51204042,0.51204042,1.578754474,0.977465322
"177","mp-7566",0.96715249,0.860766513,0.96715249,0,0,0,0.616600232,0.37734279675,0.616600232,1.442592515,0.99394302875
"178","mp-760762",0.939581214,0.967888141,0.967888141,0,0,0,0.608785303,0.69904221275,0.69904221275,1.827383647,1.30782751575
"179","mp-7638",0.973114297,0.259081637,0.973114297,0,0,0,0.3193418955,0.12252177225,0.3193418955,1.201927859,0.44186366775
"180","mp-7643",0.916248038,0.678361478,0.916248038,0,0,0,0.5000603735,0.18976021775,0.5000603735,0.996388431,0.68982059125
"181","mp-7885",0.824530914,0.853020246,0.853020246,0,0,0,0.46174936225,0.3289110545,0.46174936225,1.302078027,0.79066041675
"182","mp-7907",0.962894755,0.221121156,0.962894755,0,0,0,0.56754550025,0.0718465745,0.56754550025,0.996910427,0.63939207475
"183","mp-7909",0.945016324,0.243020064,0.945016324,0,0,0,0.48047093425,0.074109033,0.48047093425,0.970271315,0.55457996725
"184","mp-8127",0.953087846,0.988059134,0.988059134,0,0,0,0.5350776808,0.5071934012,0.5350776808,1.94114698,1.042271082
"185","mp-8190",0.954642745,0.988729435,0.988729435,0,0,0,0.5678704095,0.38059736575,0.5678704095,1.359920804,0.94846777525
"186","mp-8192",0.966660841,0.919569127,0.966660841,0,0,0,0.62415767825,0.654862411,0.654862411,1.886229968,1.27902008925
"187","mp-8217",0.973074313,0.983359033,0.983359033,0,0,0,0.66957849325,0.354693583,0.66957849325,1.757921619,1.02427207625
"188","mp-8300",0.349342065,0.929135724,0.929135724,0,0,0,0.22875932475,0.45813629,0.45813629,1.278477789,0.68689561475
"189","mp-8377",0.957765618,0.923357949,0.957765618,0,0,0,0.415255334,0.413404071666667,0.415255334,1.274619884,0.828659405666667
"190","mp-8450",0.980079672,0.992616058,0.992616058,0,0,0,0.6386715244,0.2811509676,0.6386715244,1.421785401,0.919822492
"191","mp-8459",0.988272467,0.996273792,0.996273792,0,0,0,0.6087593225,0.36611444875,0.6087593225,1.53214822,0.97487377125
"192","mp-8603",0.954780459,0.814372762,0.954780459,0,0,0,0.5156859925,0.228915898,0.5156859925,1.113602028,0.7446018905
"194","mp-862871",0.68872826,0.792440102,0.792440102,0,0,0,0.267152033666667,0.307994886333333,0.307994886333333,0.905167943,0.57514692
"195","mp-867168",0.075554619,0.433821893,0.433821893,-0.093389974,0,-0.093389974,0.0587261985,0.177826168,0.177826168,0.499782094,0.2365523665
"196","mp-8673",0.989532299,0.968557247,0.989532299,0,0,0,0.6175237116,0.4339200334,0.6175237116,1.933471871,1.051443745
"197","mp-867336",0.928796372,0.65165091,0.928796372,0,0,0,0.4887331446,0.1524178868,0.4887331446,0.991032985,0.6411510314
"198","mp-8702",0.982076261,0.941665343,0.982076261,0,0,0,0.6775216692,0.2380263584,0.6775216692,1.406838494,0.9155480276
"199","mp-8755",0.903697138,0.972405845,0.972405845,0,0,0,0.59297409375,0.261642813,0.59297409375,1.663738848,0.85461690675
"200","mp-8789",0.305225775,0.91090805,0.91090805,0,0,0,0.183242795,0.44932783725,0.44932783725,1.110519439,0.63257063225
"201","mp-886",0.95386904,0.22542453,0.95386904,0,0,0,0.602103470666667,0.112089473666667,0.602103470666667,1.077865902,0.714192944333333
"202","mp-8946",0.940316527,0.988174282,0.988174282,0,0,0,0.54477017225,0.27350829325,0.54477017225,1.312799295,0.8182784655
"203","mp-8965",0.915721046,0.902293036,0.915721046,0,0,0,0.5607741635,0.2763348975,0.5607741635,1.443785084,0.837109061
"204","mp-9008",0.909176504,0.57393284,0.909176504,0,0,0,0.267113078,0.17743102375,0.267113078,1.483109344,0.44454410175
"205","mp-9197",0.990234676,0.976067241,0.990234676,0,0,0,0.61617106525,0.38494308875,0.61617106525,1.494239712,1.001114154
"206","mp-9203",0.974685727,0.49973325,0.974685727,0,0,0,0.5786719738,0.2219183342,0.5786719738,1.09379288,0.800590308
"208","mp-9562",0.809810723,0.335599527,0.809810723,0,-0.011831004,-0.011831004,0.2582045065,0.11389963575,0.2582045065,0.821641727,0.37210414225
"209","mp-9576",0.93710807,0.959240319,0.959240319,0,0,0,0.502565215,0.3062169675,0.502565215,1.187285564,0.8087821825
"210","mp-9657",0.93265125,0.91215079,0.93265125,-0.046946852,0,-0.046946852,0.4386810725,0.28981272675,0.4386810725,1.164908074,0.72849379925
"211","mp-966582",0.958631627,0.988633373,0.988633373,0,0,0,0.56296785175,0.486383512,0.56296785175,1.787526144,1.04935136375
"212","mp-9774",0.489150846,0.935749055,0.935749055,0,0,0,0.2396321135,0.4637748365,0.4637748365,1.350138407,0.70340695
"213","mp-9783",0.979201737,0.977605564,0.979201737,0,0,0,0.51876690675,0.329635239,0.51876690675,1.253774949,0.84840214575
"214","mp-985829",0.644439698,0.569320934,0.644439698,0,0,0,0.419367561666667,0.33302738,0.419367561666667,1.213760632,0.752394941666667
"215","mp-989196",0.46791408,0.530282057,0.530282057,0,0,0,0.2386837585,0.29779328025,0.29779328025,0.806378125,0.53647703875
"217","mp-998567",0.737470031,0.899359331,0.899359331,0,0,0,0.501499958,0.5159550675,0.5159550675,1.636829362,1.0174550255
"218","mp-998591",0.369318399,0.793334201,0.793334201,0,0,0,0.151103947,0.22478599425,0.22478599425,0.939495792,0.37588994125
"219","mp-998612",0.943039703,0.943973128,0.943973128,0,0,0,0.6095383655,0.4950847295,0.6095383655,1.61177629,1.104623095
"220","mp-998759",0.978429641,0.979180889,0.979180889,0,0,0,0.592432178,0.3941625855,0.592432178,1.476045668,0.9865947635
"221","mvc-7701",0.978320001,0.952744539,0.978320001,0,0,0,0.6354927445,0.346486203,0.6354927445,1.93106454,0.9819789475
